keys,en
APP_TITLE,Craterline
HUD_ANGLE,ANGLE
HUD_POWER,POWER
HUD_FIRE,FIRE
HUD_WIND,WIND
HUD_WIND_CALM,CALM
HUD_PLAYER_N,PLAYER %d
HUD_TURN_OF,%s'S TURN
HUD_ANGLE_MINUS,-0.1°
HUD_ANGLE_PLUS,+0.1°
HUD_POWER_MINUS,-1
HUD_POWER_PLUS,+1
HUD_AIM_HINT,Drag on the battlefield to aim
HUD_WIND_LEFT,Wind blowing left
HUD_WIND_RIGHT,Wind blowing right
COLOR_AMBER,Amber
COLOR_SKY,Sky
COLOR_MINT,Mint
COLOR_LIME,Lime
COLOR_VIOLET,Violet
COLOR_CORAL,Coral
COLOR_ORCHID,Orchid
COLOR_BLUSH,Blush
EMBLEM_CIRCLE,Circle
EMBLEM_TRIANGLE,Triangle
EMBLEM_SQUARE,Square
EMBLEM_DIAMOND,Diamond
EMBLEM_STAR,Star
EMBLEM_HEXAGON,Hexagon
EMBLEM_CROSS,Cross
EMBLEM_CHEVRON,Chevron
